run_label,cell_id,Cell type,Vrest,R input (MOhm),Tau (ms),SAG index,Adaptation 1stlast 2X THR,Adaptation 2ndlast 2XTHR,Adaptation 3ndlast 2XTHR,Adaptation 4thlast 2XTHR,Adaptation 5thlast 2XTHR,Avg frequency 2X THR (Hz),max Frequency (Hz),max AP change 2X THR,AP 1 vs steady0state,AP 2 vs steady0state,AP 3 vs steady0state,AP 4 vs steady0state,AP 5 vs steady0state,OneAP spike1,Rheobasic current step,Delay of 1st spike (ms),AP threshold (mV),Max Upstroke (mV/ms),Max Upstroketime (ms),AP risetime (ms),AP ampl (mV),AP halfwidth (ms),Max Downstroke (mV/ms),Max Downstroketime (ms),AP duration (ms),AP decaytime (ms),AHP risetime (ms),AHP ampl (mV),AHP half0width (ms),Spike overshoot (mV),ADP (mV),CRamp spike1,Injected current to THR (pA),AP threshold (mV),Max Upstroke (mV/ms),Max Upstroketime (ms),AP risetime (ms),AP ampl (mV),AP halfwidth (ms),Max Downstroke (mV/ms),Max Downstroketime (ms),AP duration (ms),AP decaytime (ms),AHP risetime (ms),AHP ampl (mV),AHP half0width (ms),Spike overshoot (mV),ADP (mV),2x THR spike1,AP threshold (mV),Max Upstroke (mV/ms),Max Upstroketime (ms),AP risetime (ms),AP ampl (mV),AP halfwidth (ms),Max Downstroke (mV/ms),Max Downstroketime (ms),AP duration (ms),AP decaytime (ms),AHP risetime (ms),AHP ampl (mV),AHP half0width (ms),2x THR spike2,AP threshold (mV),Max Upstroke (mV/ms),Max Upstroketime (ms),AP risetime (ms),AP ampl (mV),AP halfwidth (ms),Max Downstroke (mV/ms),Max Downstroketime (ms),AP duration (ms),AP decaytime (ms),AHP risetime (ms),AHP ampl (mV),AHP half0width (ms),2x THR spike3,AP threshold (mV),Max Upstroke (mV/ms),Max Upstroketime (ms),AP risetime (ms),AP ampl (mV),AP halfwidth (ms),Max Downstroke (mV/ms),Max Downstroketime (ms),AP duration (ms),AP decaytime (ms),AHP risetime (ms),AHP ampl (mV),AHP half0width (ms)
A1,C1,T1,-62.04402233,388.9267161689,55.1522926547,0.9585101692,2.7652733119,2.0873786408,2.4157303371,1.9953596288,1.4802065404,33.3333333333,0,0.8189300303,0.8285322323,0.9126624624,0.9269490173,0.9151515552,0.9587301908,,50,65,-28.89011964,495.5909028,0.75,0.85,75.8717134595,0.7,-120.76901272,1.55,1.1,10.6,9.65,19.6171402931,44,46.9815938195,0,,55,-27.04416752,466.8065906,0.6,0.7,75.5275525153,0.7,-113.8857752,1.5,1.6,13.6,13.95,22.0888406038,45,48.4833849953,0,,-31.51825234,511.8603074,0.8,0.9,79.5323289931,0.6,-142.67010614,1.15,1.2,1.85,0.9,8.8543072343,4.45,,-26.04297712,409.237965,0.25,0.35,70.5528743565,0.75,-96.3649014,0.95,1.4,2.7,1.6,14.2044350505,12.1,,-26.10555083,397.974532,0.2,0.3,70.08356601,0.75,-83.8499749,0.8,1.4,5.15,4,14.6424584091,13.35
A4,C21,T1,-58.54769608,357.3521401057,36.6720241569,0.9722658918,1.4886877828,0.9138888889,0.7075268817,0.864651774,1.0822368421,30.6666666667,65.3333333333,0.9869496725,1.001219994,0.9815474436,1.0183404415,1.0287048995,0.9974126827,,90,50,-26.95268929,318.5743,0.15,0.4,65.2406699955,0.8,-78.4968026,1.15,1.25,8.45,7.45,20.3510522842,30.4,38.2879807055,0,,90,-26.12130135,309.1252642,0.15,0.4,64.921643585,0.85,-71.46328688,1.1,1.55,7.9,6.7,21.9784229994,37,38.800342235,,,-25.15983,336.5222364,0.1,0.35,61.3805055618,0.6,-99.61137316,0.7,1.1,2.55,1.75,16.6796259582,12.55,,-26.04054451,308.3755564,0.15,0.4,62.7867449075,0.75,-75.94387978,1.1,1.4,4.55,3.5,17.3714980483,19.3,,-24.46363285,293.2234202,0.1,0.4,60.2434836328,0.85,-72.27019406,1,1.45,4,2.9,19.203171134,19.95
A5,C30,T1,-62.32824235,384.9990391839,47.5177933407,0.9852687551,1.8452138493,1.4901315789,1.2671328671,1.2226720648,1.1874180865,25.3333333333,0,0.9131387375,0.9071609778,1.010418805,0.9933123158,0.9717197464,0.9676760616,,80,100,-27.11926565,266.8630332,0.25,0.5,69.5541501045,1.4,-44.36530056,1.55,2.15,14.1,12.3,20.7284986973,65.1,42.4348844545,0,,80,-25.64005718,262.1725342,0.25,0.5,68.473700434,1.4,-42.62186586,2.1,2.25,14.95,13.05,22.434592247,57.05,42.833643254,,,-30.20122439,317.988405,0.25,0.45,74.4018815458,0.8,-78.94527168,0.75,1.3,2.4,1.4,10.9763927758,6.05,,-24.71982479,243.1028708,0.2,0.45,65.4254108667,1.15,-55.28654904,1.7,1.8,5,3.5,15.8368125558,19.95,,-25.58252752,250.8603968,0.25,0.5,66.8169148266,1.3,-43.13476384,1.65,2.05,7.65,5.95,15.7927088439,24.65
A6,C34 ,T1,-60.6569659,256.5471867705,41.6870860806,0.9782292001,2.4198606272,1.7582278481,1.6169965076,1.4002016129,1.4187946885,20,0,0.7967405037,0.8076568693,0.972777777,0.9413978688,0.9599780653,0.9652701656,,85,100,-28.51467371,404.8577416,0.25,0.45,72.2423903644,1.1,-65.07759914,1.5,1.75,14.05,12.6,19.7110027075,75.05,43.7277166544,0,,95,-28.01407665,416.7469032,0.25,0.45,73.1810070574,1.1,-70.70928812,1.6,1.65,11.1,9.75,18.0214866996,50.55,45.1669304074,,,-28.32694888,476.1927644,0.2,0.4,72.2423866391,0.85,-88.23019628,1,1.3,2.15,1.15,11.138278991,5.25,,-27.41961718,300.3581288,0.3,0.5,65.5781924725,1.1,-66.95484742,1.5,1.65,5.55,4.2,11.4824399352,20.4,,-25.66752747,315.3760452,0.25,0.45,64.7647213191,1.15,-63.20036948,1.6,1.75,6.1,4.65,14.7363208234,26
A7,C44,T1,-48.59752918,332.9885429143,50.389064675,0.9761712354,2.176344086,1.5014836795,1.3547523427,1.1948051948,1.0596858639,22.6666666667,36,0.8850176835,0.8833224179,0.9929756944,0.9616155899,0.9648759492,0.9650943682,,60,60,-26.78130358,302.6671428,0.2,0.45,74.2392651737,0.95,-72.04230874,0.7,1.65,16.25,14.9,13.9614008367,60.6,47.4579615937,0,,65,-23.28043222,260.2488734,0.2,0.5,70.2745653689,1.3,-48.67374898,1.05,2.2,14.3,12.45,19.3537846208,61.55,46.9941331489,,,-25.71154922,320.107718,0.15,0.4,72.7864801884,0.85,-86.8344307,0.7,1.35,3,1.9,8.3738602698,14.7,,-22.51156956,238.5186008,0.15,0.45,65.4923543334,1.1,-52.18673498,0.85,1.8,9.3,7.85,13.9289647341,25.75,,-23.3642289,249.9493118,0.2,0.5,67.420579493,1.2,-51.86527968,0.85,1.95,9.9,8.3,14.0358060598,27.05
A11,C68 ,T1,-52.71682938,461.6754167233,52.0881926864,0.9764183312,2.1153846154,1.8629032258,1.5757162347,1.5843621399,1.3949275362,21.3333333333,46.6666666667,0.8944911597,0.8941799101,0.9883041198,0.983230643,0.9872852037,1.0006965905,,40,40,-28.67110983,334.774144,0.1,0.45,70.6780217588,1.15,-54.4399023,0.8,1.95,23.85,22.25,11.4198662341,103.55,42.0069119288,0,,50,-28.89011964,307.2413476,0.15,0.5,71.3037662208,1.3,-48.80821332,0.95,2.1,26.6,24.85,16.6761353612,88.85,42.4136465808,0,,-29.73487765,362.307001,0.15,0.5,73.2435807586,1.05,-63.82610648,0.85,1.8,12.75,11.3,5.4439902306,16.8,,-27.88892552,288.4689532,0.15,0.55,68.2063233107,1.25,-49.4339317,0.7,2.1,15,13.3,9.2610418797,24.05,,-26.48099676,289.0947088,0.1,0.45,66.9548325241,1.25,-43.8022241,0.95,2.1,14.1,12.35,11.3572925329,29.25
A1,C4,T2,-49.53945203,144.1598553441,50.1985190733,0.9403336348,3.6775362319,3.3061889251,3.284789644,2.6025641026,2.2065217391,29.3333333333,58.6666666667,0.8738916343,0.8791461716,0.8986237112,0.9266182015,0.9422738473,0.9452683777,,20,100,-30.07903859,272.1995488,0.25,0.5,73.6503154039,0.6,-127.65221298,0.7,1,19.5,18.85,12.9842311144,91.9,43.5712768139,1.9,,15,-33.70836541,424.8815844,0.25,0.45,83.5371054709,0.65,-132.03240932,0.65,1.1,1.85,1.1,9.6990652382,67.45,49.8287400609,0,,-29.2655693,262.1876168,0.2,0.45,68.8007846475,0.55,-142.04436914,0.85,1.2,1.6,0.9,10.7628330588,3.35,,-28.32694888,227.145846,0.4,0.65,66.5480978787,0.65,-121.39474974,1.15,1.35,1.05,0.7,9.8242126405,5.05,,-25.8552523,221.5141152,0.25,0.5,64.0138275921,0.65,-106.37683794,0.95,1.3,1.6,0.75,11.2634301186,8.55
A4,C20,T2,-51.19416133,181.6257596962,46.0677572606,0.9605316337,5.1218487395,4.3380782918,3.7857142857,3.3861111111,2.8283062645,24,56,0.9580127815,0.9615767795,0.9895698051,0.9892340357,0.9935429204,0.9929705206,,110,80,-25.14010832,462.416578,0.25,0.45,85.2412134409,0.55,-157.75572508,0.6,0.95,1.8,1.15,16.2983946502,54.65,60.1011051209,0.9,,100,-26.52537987,448.5248216,0.25,0.45,88.0165323615,0.6,-131.94575906,0.65,1.35,1.7,0.75,14.9267688394,38.5,61.4911524915,,,-24.36466679,499.5902442,0.2,0.3,84.9317125976,0.45,-217.5578474,0.5,0.85,1,0.4,16.53848961,3.1,,-21.09836206,452.0432464,0.2,0.35,80.2349634469,0.45,-175.00147224,0.5,0.9,1.15,0.55,17.6335275173,5.65,,-20.58964945,391.025031,0.2,0.4,79.7429289669,0.5,-162.08250076,0.55,1.05,1.35,0.65,16.4256710559,7.9
A4,C22,T2,-51.58905338,257.8971065961,46.0075975111,0.923488132,3.3670588235,2.9204081633,2.5783783784,2.1714719272,1.8978779841,21.3333333333,64,0.9059605377,0.9062776805,0.9443209262,0.9645009684,0.9647254579,0.9807561687,,50,100,-29.54131901,469.9620418,0.2,0.35,83.0565541983,0.6,-128.67107988,0.6,1.05,11.7,10.9,14.5189426839,73.85,53.5152351883,3.2,,55,-29.79738057,484.976396,0.2,0.35,84.08992365,0.6,-127.2713393,0.6,1.25,17.1,16.15,14.6789178252,72.5,54.29254308,,,-29.55477104,498.1110058,0.2,0.3,83.3414830267,0.45,-177.17031762,0.5,0.9,1.2,0.55,13.5746225715,8.7,,-26.00072861,436.7728158,0.15,0.3,78.0234336853,0.5,-143.28189194,0.5,1,1.5,0.75,14.8306302726,16.3,,-26.10501811,431.261363,0.2,0.35,77.2484913468,0.55,-128.6777854,0.6,1.15,1.55,0.7,13.4271346033,20.15
A4,C23,T2,-54.10615771,256.7240206655,45.4923557736,0.9163371393,3.5630498534,2.9066985646,2.3500967118,1.9255150555,1.8634969325,24,64,0.9172067477,0.9133346386,0.9443202078,0.9538453745,0.959370823,0.9705300612,,40,165,-33.42752695,577.6050222,0.15,0.35,85.8414433897,0.45,-178.30280588,0.5,0.8,13.5,12.95,16.249217093,84.85,52.4139164397,2.3,,50,-32.28325561,557.8856916,0.15,0.35,86.6795256734,0.5,-156.62297606,0.5,1.05,13.35,12.6,17.601147294,68.1,54.3962700634,,,-33.96862537,584.1834656,0.2,0.3,86.2098410726,0.4,-190.91349096,0.5,0.95,1.15,0.45,15.0455906987,6.9,,-30.44177383,495.6861212,0.2,0.35,81.2969468534,0.5,-172.88889736,0.5,0.95,1.15,0.5,16.8585032225,12.55,,-30.40391743,507.0019264,0.2,0.35,80.8511078358,0.55,-148.9558816,0.55,1.1,1.65,0.85,15.7636590302,17.4
A4,C24,T2,-48.31278796,340.2203004301,50.1111704518,0.8153683058,3.4426605505,2.9664031621,2.4728171334,2.2846270928,1.9544270833,22,60,0.8348743988,0.8111191724,0.9079302911,0.91912776,0.9130969899,0.9413904128,,40,70,-28.55533153,316.604888,0.3,0.55,85.4211673141,0.95,-89.9463892,0.95,1.6,2.7,1.45,16.3111500442,69.5,56.8658357841,2.1,,40,-28.57306018,314.18534,0.3,0.55,85.270177573,1,-85.83251386,0.95,2.1,14.2,12.6,15.3125077486,84.5,56.697117393,,,-30.02824798,344.7063546,0.25,0.45,86.0501080751,0.8,-102.63487696,0.85,1.65,2.25,1,14.4161656499,6.9,,-24.948688,240.5680436,0.3,0.6,76.0633125901,0.9,-83.7128982,0.95,1.85,2.65,1.35,17.7662409842,15.95,,-24.63577852,228.8469858,0.3,0.55,75.2495154738,0.95,-75.41347296,0.95,2,3.45,1.95,17.8061835468,21.5
A7,C40,T2,-52.89477858,253.4540767534,48.0277602213,0.96,3.0625,2.140776699,1.8529411765,1.575,0.5653846154,0,0,0.7769916846,0.7629235558,0.9619220173,0.9585555186,0.9663381192,0.9898112726,,100,60,-37.96344042,558.165533,0.25,0.4,85.883654654,0.55,-150.17907136,0.65,0.95,1.45,0.75,11.6075873375,33.5,47.920214234,1.9,,80,-35.99926248,443.6045792,0.2,0.35,84.8856046796,0.65,-110.00933126,0.65,1.25,9.25,8.25,12.9182264209,49.75,48.8863421996,,,-36.94373161,416.4211452,0.15,0.35,82.2517834604,0.65,-115.71536772,0.65,1.1,1.75,0.9,9.5403380692,5.15,,-33.64432022,318.8335524,0.2,0.4,74.3284504861,0.7,-88.64182978,0.75,1.2,2.7,1.75,12.1482461691,9.2,,-32.94441268,305.8145568,0.2,0.4,73.1489378959,0.75,-85.50630882,0.65,1.3,3,1.95,12.8039680421,10.75
A8,C45,T2,-52.25759942,183.55230364,39.7019531474,0.9488974074,2.4435897436,2.0190677966,1.6631762653,1.4352409639,1.4160475483,25.3333333333,73.3333333333,0.8532338382,0.8601437481,0.9155633864,0.9212552287,0.9473363989,0.956067587,,80,40,-30.20418599,527.5039748,0.1,0.3,77.6550918818,0.6,-120.76901272,0.85,0.9,8.7,8,12.3584866524,38.85,47.4509058918,0.9,,70,-30.95508158,502.4741124,0.1,0.35,78.1556889415,0.65,-100.7451117,0.6,1.1,9.35,8.5,13.2971070707,44.05,47.2006073615,0,,-30.9863703,558.165512,0.1,0.3,78.7188597023,0.55,-157.0622623,0.5,0.95,1.2,0.45,10.7315443456,9.15,,-27.95150295,503.7256144,0.1,0.3,73.4000205994,0.6,-120.14325708,0.9,1.1,2.1,1.2,12.2646205127,16.35,,-30.23547471,461.174883,0.95,1.2,75.4649788141,0.7,-108.87982324,1.7,0.05,6.05,7.25,8.7604448199,18.85
A9,C54,T2,-51.18186344,207.1943687518,44.4442408662,0.9370225897,4.2863636364,3.2294520548,2.6049723757,2.4881266491,2.1480637813,30.6666666667,41.3333333333,0.8328340693,0.8332334805,0.9617335508,0.9623990611,0.9415481605,0.9486129949,,80,50,-34.05252635,607.599467,0.75,0.9,97.7415405214,0.6,-170.2029258,1,1.2,1.65,0.75,11.4198662341,22.55,63.6890141714,3.7,,90,-24.10316259,491.8364342,0.15,0.3,76.5600353479,0.65,-93.2361558,0.55,1.4,12.85,11.65,13.8289891183,32.1,52.4568727579,,,-34.33410987,743.386373,0.7,0.85,96.5526215732,0.55,-178.33765596,1.05,1.95,1.55,2.65,8.2911364734,1.3,,-25.07306799,463.0521312,0.3,0.5,80.3145095706,0.55,-138.28989118,0.7,1.55,1.65,0.7,15.5810788274,6.35,,-23.60256553,465.5550606,0.25,0.4,78.8127221167,0.65,-111.3827899,0.7,1.45,1.95,0.8,16.3006857038,10.4
A11,C65,T2,-45.73727708,257.4390273612,45.4790654281,0.9810481221,2.9473684211,2.4114832536,1.9273422562,1.7622377622,1.6828046745,22.66,55,0.8462149261,0.8457234864,0.9325682383,0.9437825686,0.9444359125,0.967970508,,30,70,-25.30489653,408.197334,0.25,0.45,83.1710472703,0.75,-99.70407932,0.8,1.35,2.05,1,13.6070437729,45.85,57.8661507403,2.6,,30,-24.61920097,399.0356252,0.25,0.45,82.124568522,0.85,-88.673532,0.8,1.5,21.5,20.3,16.7147219181,95.6,57.505367552,,,-24.45282206,369.1436722,0.25,0.45,77.089831233,0.9,-79.57480848,0.85,1.45,2.2,1.05,10.9263211489,6.1,,-19.03146669,264.068544,0.25,0.5,67.6979348063,0.95,-67.5785914,0.9,1.5,2.9,1.75,15.0813870132,13.3,,-18.63850258,244.9566312,0.3,0.5,66.8455231935,0.95,-61.73163652,1,1.65,3.65,2.35,15.267232433,17.8
A2,C10,T3,-45.837051,439.6125701531,45.285888196,0.8213694524,7.6326530612,2.8,1.7870307167,1.8218510786,1.2302631579,12,26.6666666667,0.8890394231,0.8969418625,1.1406630539,1.0227242473,0.9625835521,0.9698879767,,20,75,-26.07905284,240.0322258,0.35,0.65,82.5678184628,1.15,-67.11870432,1.2,2.1,36.95,35.35,14.6321877837,208.8,56.4887656228,2.4,,20,-26.73245385,246.1887524,0.35,0.65,83.78585428,1.15,-66.90029054,1.2,2.4,2.95,1.15,9.9671334028,5.7,57.05340043,0,,-25.90928018,239.9599924,0.35,0.65,82.156188786,1.1,-67.31528788,1.2,2.4,2.85,1.05,8.8117271662,3.4,,-19.6356976,126.85569004,0.45,0.8,66.0012029111,1.4,-44.5265323,1.4,2.75,3.75,1.75,12.7148218453,26.15,,-20.63001297,155.13576568,0.45,0.75,71.1891259998,1.35,-50.88223144,1.45,2.7,3.35,1.35,12.5656146556,64.2
A2,C12,T3,-50.88616635,437.4826158611,46.5287825099,0.9102897568,7.5366972477,5.7447552448,4.5137362637,1.3703085905,1.2098674521,14.6666666667,36,0.8857601824,0.8842891423,1.2636139738,1.2889812435,1.2392229338,1.0423504047,,25,180,-31.55222327,214.1582966,0.4,0.7,84.4347514212,1.1,-76.8544525,1.1,1.85,2.65,1.3,9.5839612186,0,52.8825281512,7.5,,25,-31.8247208,226.1058148,0.35,0.65,86.5693688393,1,-82.6907903,1.1,2.15,2.8,1.25,9.5253400505,3.5,54.7446480393,9.5,,-31.18334129,224.0943444,0.3,0.6,83.8005803525,0.95,-84.9160552,0.9,1.95,2.45,1.05,8.9802071452,2.35,,-24.52026471,118.73263866,0.15,0.8,64.3442161381,1.25,-53.99955902,1.4,2.3,3.15,1.6,12.7813629806,7.4,,-24.87542272,114.64674026,0.1,0.8,64.1124360263,1.35,-50.03608764,1.3,2.55,3.5,1.7,12.7527713776,9.05
A2,C13,T3,-47.87158035,476.5055996531,44.9569261462,0.9307655382,11.608974359,7.07421875,1.9225053079,2.1845597105,2.1131855309,17.3333333333,30.6666666667,0.8445197752,0.863382361,1.4765132251,1.4469761526,1.0188352997,0.9695178993,,40,170,-31.00731388,303.452555,0.3,0.55,84.2418186367,1.15,-67.5881654,1,1.95,3.2,1.65,13.128709048,0,53.2345047567,4,,25,-31.68246686,310.0032174,0.3,0.6,86.4106081426,1.15,-72.55200296,1.05,2,39.1,37.55,11.3546960056,80.45,54.7281412826,6.5,,-32.06780717,320.1105074,0.3,0.55,85.66839993,1,-78.73175666,1,2.05,2.45,0.9,6.2038861215,1.5,,-20.97181581,112.32229182,0.35,0.75,56.4670041203,1.2,-49.84489642,1.6,2.25,3,1.45,13.3238043636,7.65,,-22.09692985,106.74884078,0.4,0.8,58.1125505269,1.4,-44.46753766,1.55,2.6,3.6,1.75,13.0260959268,21.95
A5,C25,T3,-50.79310988,446.2908171187,44.8221412271,0.9141693869,7.0991735537,5.3024691358,3.9403669725,0.972819932,1.1272965879,0,0,0.8125056376,0.7569517924,1.4539572421,1.7719700994,1.6746999828,1.0235894515,,40,180,-25.45079008,338.8724728,0.2,0.45,78.4794278443,0.95,-72.12117314,0.9,1.75,2.4,2.31,8.6639262736,0,53.0286377643,4.2,,35,-25.88667139,351.9405728,0.2,0.45,79.5040354133,0.9,-72.49627262,0.75,1.7,2.65,1.3,7.2961449623,3.55,53.6173640233,9,,-28.06491569,355.233699,0.25,0.45,81.3437104225,0.75,-95.7653299,0.75,1.3,1.75,0.75,5.7493336499,1.35,,-18.35267782,150.4388894,0.3,0.55,54.9160242081,0.9,-54.9516175,1.1,1.5,2.75,1.65,12.3323537409,7.15,,-16.6681388,99.64941768,0.35,0.7,47.5915148854,1.25,-40.03627226,1.8,1.85,3.65,2.3,10.4722827673,12.5
A6,C33,T3,-45.32758737,426.7077867712,48.5472585427,0.9155472697,8.925,6.7358490566,4.6363636364,3.1224489796,2.020754717,25.3333333333,36,0.8780021197,0.8855159196,1.2859843669,1.3703754341,1.1905514861,1.048014825,,35,110,-31.00548849,341.2050008,0.3,0.5,88.5515026748,0.8,-106.36396706,0.8,1.45,61.95,60.85,8.8141225278,0,57.5460141848,5.1,,30,-30.84761441,338.2059,0.3,0.55,89.083712548,0.85,-109.76985096,0.9,1.55,2.05,0.9,8.5317566991,44.45,58.236098138,8,,-31.69137031,334.2669038,0.25,0.5,87.7791419625,0.75,-116.3154468,0.75,1.35,1.55,0.55,5.2392706275,1.1,,-21.27694502,157.57345594,0.35,0.65,63.012521714,0.9,-68.76084954,0.9,1.45,2.25,1.25,11.5628577769,3.35,,-21.12226911,128.09134088,0.4,0.7,60.9034914523,1.1,-57.44410678,1.1,1.7,2.95,1.75,11.9707304984,6.2
A11,C61,T3,-55.6652156,291.05526442,47.6807069591,0.9096343078,8.8041237113,7.1166666667,5.2073170732,3.6186440678,2.1675126904,18,0,0.8513570264,0.8437103945,1.8209528155,2.5705688652,2.2026415479,1.1030792147,,60,70,-31.94565862,341.1481296,0.25,0.5,84.2076018453,0.9,-85.7071206,0.8,1.6,90.8,89.55,9.4411559403,0,52.2619432253,7,,60,-30.37829116,339.9168746,0.2,0.45,83.5246294737,0.95,-74.48129356,0.85,1.8,92.5,91.05,9.1104246676,1.3,53.1463383137,6.9,,-33.34287718,349.3892216,0.2,0.45,84.6292413771,0.75,-100.59721768,0.75,1.35,1.5,2.55,3.8062818348,0.45,,-24.03533623,146.66096772,0.3,0.6,55.2310049534,1,-51.8313516,0.95,1.5,2.25,1.15,8.8597163558,3.75,,-23.54372829,118.9282909,0.15,0.7,51.5283402056,1.3,-37.14807332,2,1.95,3.8,2.4,8.5263513029,7.3
A1,C2,T4,-55.20612238,283.2965867085,44.6224392976,0.8778554145,3.8168498168,2.6180904523,1.8707360862,1.5346097202,1.4313186813,24,44,0.9137931085,0.9139983723,0.9771779601,0.9533290907,0.9570169639,0.981701982,,60,130,-23.60256553,446.7827104,0.2,0.4,82.97393471,0.75,-111.38275266,0.6,1.3,19.9,18.85,17.6460407674,149.55,59.37136918,1.2,,75,-26.10555083,489.9591766,0.6,0.75,84.3818634748,0.8,-100.11933744,0.95,1.45,23.2,22,15.5810788274,68,58.2763126448,1.3,,-21.19344264,536.890179,0.4,0.55,82.0040255785,0.6,-138.9156282,0.7,1.2,1.5,0.6,9.7303539515,3,,-17.93956362,387.3368166,0.2,0.4,75.4649806768,0.7,-93.86189282,0.5,1.45,1.9,0.8,11.7640253156,14.85,,-17.40767971,362.3069822,0.2,0.35,76.1220119894,0.75,-95.7391411,0.7,1.55,7,5.75,11.9830369949,20.15
A2,C14,T4,-52.86922819,304.4945238181,39.6296161599,0.9277374181,2.6542750929,1.5321888412,1.4782608696,1.3005464481,1.3652007648,32,56,0.8327852065,0.8383108206,1.022324587,0.9657969355,0.9856443186,0.9840056095,,45,35,-37.14887589,328.8101404,0.15,0.5,86.9733989239,1.05,-72.88217544,1,1.8,14.3,12.85,11.3788098097,56.3,49.8245230339,0,,45,-35.26488483,330.0740942,0.15,0.5,85.1032212377,1.15,-65.49855694,1.05,1.95,11.85,10.3,12.8301419318,75.25,49.8383364077,0,,-36.34133354,356.0953774,0.15,0.5,86.1320011318,0.95,-81.211254,0.85,2.15,1.45,3.15,4.258710891,2.55,,-32.23631322,248.0435186,0.15,0.55,74.8648419976,1.15,-60.04158408,0.85,2.3,6.05,4.25,9.3177035451,16.6,,-32.64994711,266.5076708,0.2,0.55,77.1882086992,1.25,-58.50961432,1.05,2.5,9,7,9.6977613866,17.9
A3,C19,T4,-50.47982267,200.6348989545,46.619631,0.9704677219,3.7462686567,4.218487395,1.9558441558,2.4329563813,1.56875,22.6666666667,49.3333333333,0.8708458696,0.8680764792,1.0410627433,1.0420066324,0.9740112734,0.9933736097,,50,120,-39.27750677,344.7860968,0.25,0.55,90.5454605818,1.15,-84.47572588,0.6,2,34.75,33.15,10.1683735847,113.95,51.2679538118,0,,45,-38.62047359,321.6335178,0.25,0.5,90.3264507651,1.1,-73.83804768,0.75,2,21.9,20.3,8.228559047,91,51.7059771751,0,,-42.93811858,340.4058888,0.5,0.7,94.3625122309,1.05,-107.00259358,1.05,1.9,0,0,0,0,,-33.92737523,233.4032952,0.25,0.55,78.4685611725,1.2,-64.45182488,1,2,4.65,3.05,7.9156905413,13.3,,-34.24025118,221.5141122,0.25,0.55,78.7501484156,1.3,-60.07160992,0.9,2.2,5.6,3.85,7.3212273419,32.2
A6,C31,T4,-54.90514028,328.093527611,45.4976111851,0.9470727668,5.1619047619,1.7597402597,1.4648648649,1.460916442,1.2402745995,26,44,0.8018252979,0.8048674611,1.3176805143,1.0754936222,0.9932958072,0.9909042316,,70,35,-32.64937034,706.467349,1.25,1.35,95.050830394,0.85,-112.63426394,1.7,1.65,21.9,20.45,5.4752789438,19.65,62.401460054,1.6,,75,-30.11032358,548.1536034,0.2,0.4,88.2614850998,0.8,-96.36491538,0.75,1.6,20.15,18.8,12.1394768357,88.2,58.1511615198,1.1,,-34.61927947,700.2098858,0.8,0.9,96.1458906531,0.8,-108.87980462,1.3,1.65,0,0,0,0,,-24.04058889,265.3163578,0.35,0.55,65.421756357,0.85,-68.20634008,0.75,1.5,27.25,26.1,11.5450136364,15.85,,-26.63743287,404.231986,0.25,0.45,77.0919173956,0.85,-80.09552956,0.7,1.6,8.5,7.2,9.1358944774,15.75
A6,C32,T4,-55.45834559,516.8095870669,47.899806116,0.9193896966,7.223880597,2.5208333333,1.3868194842,1.2522639069,0.9593657086,20,33,0.7986441197,0.8040678238,1.4152744063,1.185999997,0.9761316589,0.9983164894,,55,80,-31.48696736,558.1655446,0.25,0.35,86.4468254149,0.8,-93.86193008,0.8,1.65,27.25,25.8,8.2598477602,0,54.9598580549,2.5,,45,-29.95388746,491.8364062,0.3,0.45,83.63096416,0.85,-85.10150016,0.8,1.7,26.1,24.7,8.6040087044,36.95,53.6770767,3.5,,-33.17647964,595.0845266,0.25,0.35,89.3252529204,0.7,-110.13131588,0.75,1.45,1.4,0.65,3.1600184739,30.95,,-22.82038122,196.48427144,0.35,0.55,59.0391438454,0.9,-70.0835511,0.8,1.55,25.5,24.3,11.0131315887,13.5,,-26.04297712,247.7954422,0.35,0.6,67.3302821815,1.05,-57.56864324,1,1.95,47.5,45.95,9.5739141107,30.15
A6,C35,T4,-62.05740816,378.4864380171,43.5693881917,0.903409804,3.7354085603,2.4935064935,1.9047619048,1.9123505976,1.5533980583,25.3333333333,45.3333333333,0.815698553,0.8225164338,1.1231076884,0.9900904464,0.9666097556,0.9837146963,,70,40,-36.73097283,376.0734736,0.25,0.5,85.7267901301,1,-76.79499686,0.8,1.75,21.6,20.2,9.7939744592,96.75,48.9958173001,0,,70,-35.9328182,347.4187758,0.25,0.55,85.4979082942,1.15,-66.30469114,0.9,2.15,17.95,16.2,11.451985687,37.3,49.5650900942,,,-34.20832172,357.0743278,0.25,0.45,83.6480222642,0.85,-85.87911726,0.75,1.6,0,0,0,0,,-27.61276975,200.0582382,0.3,0.6,66.4967335761,1.2,-47.00719378,1.5,2,9.25,7.7,8.9264512062,15.9,,-31.02918878,238.6019798,0.35,0.6,73.7936720252,1.35,-44.10926252,0.95,2.45,13.3,11.25,6.0808993876,16.65
A7,C39,T4,-47.90264522,502.5210555174,43.2935091589,0.9061631554,6.0133333333,3.537254902,2.3069053708,1.7413127413,1.7790927022,30.6666666667,60,0.8731954215,0.8686149838,1.1003734075,1.0598682202,0.986693681,0.9609002761,,20,50,-32.75898263,492.0015298,0.15,0.35,83.6170874536,0.7,-109.06171054,0.6,1.25,27.7,26.7,14.1158998013,0,50.8581048236,3.1,,15,-29.81558233,494.0487816,0.2,0.35,82.2307802737,0.75,-99.22180324,0.65,1.25,23.2,22.15,14.5626328886,64.7,52.4151979437,0,,-32.67057031,520.447772,0.2,0.4,81.9157622755,0.6,-107.62441904,0.6,1.1,1.5,2.35,5.209185183,1.65,,-27.26642579,296.3898518,0.3,0.5,68.2458747178,0.7,-82.07794278,0.7,1.2,2.45,1.5,9.8369531333,5.1,,-26.25993058,287.7520118,0.25,0.45,68.4233270586,0.75,-80.64754308,0.75,1.3,3.75,2.75,10.3379487991,14.2
A8,C46,T4,-44.9010622,174.8889476437,47.6782083869,0.9233123038,4.381294964,1.8071216617,1.6327077748,1.1277777778,1.1277777778,24,41.3333333333,0.8081991242,0.7631771639,0.9862820159,0.9485896177,0.9057341695,0.9065217999,,90,0,-27.79506311,471.8125612,0.15,0.3,80.9402577579,0.55,-120.14321982,0.5,0.9,10.15,9.4,10.2622359991,27.65,53.1451946479,1,,90,-24.10316259,491.8364342,0.15,0.3,76.5600353479,0.65,-93.2361558,0.55,1.15,12.8,11.85,13.8289891183,119.25,52.4568727579,0,,-26.01168841,477.444306,0.2,0.3,78.7501484156,0.55,-128.27794998,0.55,1.1,0.85,0.45,4.38022241,0.9,,-22.69523382,287.2174512,0.85,1,65.7659135759,0.65,-95.73915042,1.35,2,1.2,0.6,5.5065639317,3.85,,-16.12490021,280.3342464,0.1,0.4,60.5096500367,0.75,-75.71525872,0.6,1.5,4.75,3.55,10.8254086226,16.15
A11,C63,T4,-46.16234564,284.217566864,47.4154449141,0.9333724291,5.1619047619,1.7597402597,1.4648648649,1.460916442,1.2402745995,26.6666666667,44,0.8018252979,0.8048674611,1.3176805143,1.0754936222,0.9932958072,0.9909042316,,50,0,-31.86241329,337.9028908,0.2,0.4,82.7549211681,0.95,-91.35890752,0.75,1.65,16.55,15.2,12.1394768357,84.35,50.8925078781,0.9,,55,-30.51706195,311.621558,0.25,0.5,81.3782811165,0.95,-83.84998888,0.85,1.75,18.05,16.7,13.203240931,50.8,50.8612191665,0.5,,-32.23786294,623.8688528,0.2,0.25,90.2325883508,0.75,-109.50554162,0.65,1.45,0,0,0,0,,-22.13206306,247.7954596,0.3,0.55,61.4482685924,0.85,-80.09551092,0.75,1.45,18.75,17.65,11.7640271783,9.7,,-24.3221724,310.9958116,0.3,0.55,70.2399984002,0.9,-75.0895217,0.8,1.65,26.65,25.4,10.2622359991,12.85
A5,C26,T5,-54.10204029,200.6444518142,47.4875168657,0.9147952968,9.1020408163,6.8615384615,4.6458333333,1.8622129436,1.0721153846,18.6666666667,22.6666666667,0.804954885,0.8138358474,1.6852803784,1.7491241495,1.618902031,1.2210797905,,80,80,-31.73726588,442.402506,0.1,0.4,88.1363376975,0.95,-82.5984776,0.75,1.75,45.6,44.15,13.1719559431,0,56.3990718175,2.1,,90,-31.77165031,406.8663436,0.2,0.5,88.3634351194,1.05,-77.46841758,0.8,1.9,45.05,43.5,8.7398551404,80.7,56.5917848094,,,-33.65513846,429.7354958,0.25,0.5,89.4010812044,0.9,-87.24793792,0.75,1.6,1.5,0.6,3.2038861215,0.5,,-20.86332418,179.8042655,0.2,0.6,54.4167496264,1.1,-56.81931972,1.5,1.6,2.4,1.2,8.9901182801,3.25,,-20.46152182,150.96142888,0.2,0.65,53.4409247339,1.35,-41.09040834,1.7,2,3.85,2.35,9.5555018634,6.25
A5,C29,T5,-48.41792691,136.8429609901,69.9549041583,0.9574212064,3.268722467,2.4899328859,2.2972136223,1.8503740648,1.7879518072,30.6666666667,54,0.8068328446,0.7695907335,0.9197750587,0.9386039967,0.9436919438,0.9242775359,,250,20,-20.27952276,416.190098,0.15,0.35,78.4367155284,0.55,-122.54517526,0.5,0.95,19.45,18.75,9.566841647,43.75,58.1571927684,,,270,-17.45435201,390.1969642,0.2,0.4,76.6104031354,0.7,-95.54754942,0.7,1.2,10,9.1,12.9795055836,34.05,59.1560511254,,,-21.42685443,447.1782036,0.2,0.35,81.5006271005,0.5,-150.22732318,0.5,0.8,1.05,0.45,6.6161341965,1.2,,-12.21027017,267.175883,0.2,0.4,64.1078092158,0.65,-90.81818164,0.6,1.05,1.65,0.9,11.1853927374,5.45,,-12.30222896,230.0408856,0.25,0.45,63.3592791855,0.75,-73.58873264,0.85,1.25,2.15,1.2,8.8855549693,9.9
A6,C36,T5,-47.05831642,132.054351048,43.5693881917,0.903409804,4.6115702479,3.6233766234,2.5363636364,1.86,1.9857651246,22.6666666667,38,0.7768777219,0.8103515691,1.0438942115,1.0386675606,0.9832563765,0.9780908179,,110,20,-25.89733317,351.847643,0.25,0.45,79.1601724923,0.95,-70.7950443,0.8,1.65,8.5,7.15,8.3109997213,35.85,53.2628393223,0.7,,100,-24.51428935,310.0485378,0.25,0.5,77.6433572173,1.25,-52.54797638,0.75,2.35,13.2,11.2,11.2406983972,38.65,53.1290678673,0,,-25.76315567,364.896832,0.25,0.45,79.1702084243,0.8,-86.10226214,0.7,1.4,1.5,2.6,4.8934705555,1.25,,-17.64338441,201.2162562,0.25,0.5,61.3393019885,1.05,-49.14615304,0.7,1.65,3.6,2.3,10.4951206595,11.2,,-20.29180691,185.7009437,0.3,0.6,64.1572847962,1.3,-40.88267684,0.9,2.15,5.35,3.65,7.8443847597,15.2
A7,C41,T5,-63.72198936,194.2060875998,40.5834399194,0.9572995532,0,0,0,0,0,0,0,0.7055672155,0.6789586881,1.6312291815,1.3262725496,1.103317994,1.1155863115,,160,50,-34.43139955,319.3438146,0.2,0.45,77.5645039976,0.8,-84.4736956,0.7,1.35,45.05,44,7.7521204948,0,43.1331044476,2.9,,150,-27.06790879,274.9119606,0.2,0.45,70.9224864841,1.05,-54.05198782,0.8,1.9,147.5,145.9,19.0548375249,103.6,43.8545776941,,,-36.55756429,331.1656882,0.2,0.4,79.0655016899,0.75,-103.62992064,0.65,1.25,1.5,2.45,5.5265165865,0.6,,-26.75567359,125.51926076,0.15,0.6,48.6099934205,0.95,-51.79420114,1.4,1.4,2.55,1.6,10.1007334888,3.7,,-24.41658616,113.85217308,0.1,0.65,45.9006046876,1.3,-37.8735736,1.7,1.9,4.5,3.1,11.5772783756,10.05
A7,C42,T5,-68.63638134,166.9228419484,42.8477526195,0.95249209,0,0,0,0,0,0,0,0,0,0,0,0,0,,220,30,-37.90242016,314.7637286,0.25,0.45,79.1121795774,0.85,-84.02215316,0.75,1.45,20.55,19.4,7.6025500894,0,41.2097594174,1.8,,230,-31.15192965,226.3470226,0.25,0.55,69.9589215219,1.1,-58.26394074,1.1,1.8,8.95,7.55,12.8749459982,104.6,38.8069918719,,,-40.55785179,313.5411814,0.25,0.5,79.7681566328,0.85,-86.90208196,0.7,1.45,0,0,0,0,,-28.46962005,105.97173124,0.2,0.7,47.762976028,1.15,-49.27515984,1.5,1.7,3.4,2.25,9.5690339804,11.75,,-27.10717335,108.4246306,0.35,0.75,52.2251268849,1.45,-36.3578531,1.35,2.15,5,3.45,11.2260729074,24.7
A8,C47,T5,-50.89277835,440.5399421275,47.2411606319,0.8955379831,4.8633540373,2.3443113772,2.0337662338,1.6695095949,1.4662921348,26.6666666667,32,0.788031717,0.7899543324,1.2536232323,1.1606638868,1.1089743833,1.0326735898,,70,20,-28.01407665,361.0555176,0.25,0.45,79.6887688339,0.85,-96.36487812,0.75,1.45,2.7,1.55,10.0432224572,35.05,51.6746921839,1.8,,70,-25.9803997,324.7622448,0.25,0.5,77.4360783398,1.25,-53.8141653,0.9,2.1,11.35,9.6,14.2983011901,36.05,51.4556786398,,,-28.20179775,354.798045,0.65,0.85,81.5972909331,0.8,-95.1134041,1.1,1.45,1.75,0.65,3.4416057169,0.9,,-14.52924661,148.92756938,0.3,0.6,51.8743507564,0.95,-58.8201359,1.4,1.45,2.85,1.85,14.4860241562,5.5,,-18.97204459,128.90369632,1.1,1.45,58.5072599351,1.45,-48.80818538,2.3,2.25,3.35,1.65,9.5426291227,6.25
A8,C48,T5,-56.97461648,289.0096933743,43.2199778679,0.9610409778,6.176056338,3.3473282443,2.2090680101,1.7297830375,1.6151012891,26.6666666667,50.6666666667,0.8823528988,0.8884082943,1.3878377682,1.156531489,1.0522540921,1.0290580711,,60,35,-33.64579171,417.3726496,0.15,0.4,79.7826275229,0.85,-98.86786342,0.6,1.4,17.55,16.4,11.3885775208,0.05,46.1368358129,1.2,,65,-32.58202389,404.2319708,0.15,0.45,78.9378732443,1,-76.96677,0.75,2.4,23.35,21.4,14.0167102218,88.25,46.3558493543,,,-34.5844084,424.8816148,0.15,0.4,80.6586705148,0.75,-109.50557888,0.65,1.85,0,0,0,0,,-27.57605329,253.427159,0.15,0.5,64.6708589047,0.95,-70.70930674,0.7,2.05,4.35,2.8,8.9481696486,16.5,,-29.48457912,311.6215486,0.2,0.4,70.9596090019,1.1,-63.20036948,0.85,2.4,9.7,10.2,7.7,8.2
A9,C49,T5,-58.70102147,274.7640458268,43.1846123,0.9477336254,11.1439393939,6.5377777778,2.0894886364,1.5549682875,1.4888663968,17.3333333333,0,0.7500000243,0.7421024218,1.6575425308,1.6048292319,1.1690261347,1.019453827,,90,30,-33.23905706,295.9779092,0.15,0.5,82.661062479,0.85,-100.1193747,0.7,1.5,25.7,24.55,8.9168809354,108.75,49.422005419,0.8,,100,-32.33172536,290.9719524,0.7,0.95,82.1291767061,1.1,-78.21824402,1.25,2,21.35,19.7,11.3572888076,114.2,49.7974513461,0,,-33.83351281,323.5107288,0.25,0.45,82.3168978095,0.8,-105.12534528,0.7,1.35,1.45,2.5,4.4740848243,0.35,,-24.91663188,170.82870006,0.1,0.55,62.4494608492,1.2,-50.68542436,1.75,2,40.05,38.45,13.5786905885,65.2,,-28.85883465,205.870457,0.2,0.6,70.1148509979,1.3,-51.93693564,1,2.2,12.1,10.3,9.6364878118,30.05
A9,C50,T5,-54.12907048,173.4222968203,52.1737644904,0.9289849172,2.7046511628,2.7046511628,1.5182767624,1.5866302865,1.2655059848,21.3333333333,30,0.7856966782,0.7911160071,0.9591020159,0.9549596692,0.9337363756,0.9352032813,,140,20,-30.49118981,357.0390936,0.2,0.4,85.9715752304,0.75,-106.63114488,0.65,1.3,19.15,18.15,9.36742872,0,55.4803854204,2.7,,150,-27.53381222,336.054191,0.25,0.45,83.6346559227,0.95,-77.67114788,0.8,1.6,17.1,15.8,15.0820538402,56.25,56.1008437027,,,-30.9036465,344.1232536,0.25,0.45,85.2888971567,0.7,-116.82044714,0.7,1.2,1.5,2.4,5.1149092615,1.15,,-22.36797452,213.4315064,0.25,0.5,68.9791813493,1,-65.84655494,0.9,1.6,2.95,1.7,10.2192796767,10.1,,-24.18500721,203.6751806,0.35,0.65,70.9550231695,1.15,-54.92823198,1.1,1.9,4.4,2.95,8.0932341516,15.8
A9,C53,T5,-50.74455585,188.3202671577,37.7760100935,0.9173688143,0,0,0,0,0,0,0,0.8533994937,0.8264872811,1.0551537129,1.0475763048,1.0336581438,1.0139009605,,70,20,-31.45567864,496.2166678,0.2,0.45,86.6658352315,0.85,-86.97871118,0.8,1.6,0,0,0,0,55.2101565915,1,,70,-28.82754594,444.9054972,0.25,0.45,84.5382995903,1.1,-81.34696632,0.8,2.05,17.9,16.15,12.1394731104,53.05,55.7107536503,0,,-35.42916641,477.4442688,0.4,0.55,89.6068401635,0.85,-98.86790066,0.9,2.05,0,0,0,0,,-26.8877314,267.8193338,0.25,0.55,71.4914910495,0.95,-71.9607994,0.8,2.2,3.2,1.55,10.1057998836,13.45,,-25.69881618,277.205524,0.2,0.45,70.5528743565,1.15,-58.19436162,0.8,2.5,4.6,2.45,11.5763023496,19
A10,C56,T5,-44.9665858,268.1151581343,44.3464486955,0.9416803325,12.7857142857,7.2323232323,3.6812339332,2.3171521036,1.8012578616,20,33.5,0.8132955563,0.8121168982,1.5229885139,1.4991296777,1.2307966947,1.0702081952,,80,25,-28.29566017,343.5346112,0.25,0.5,83.5371017456,0.85,-87.6044482,0.7,1.5,26.9,25.75,6.3826106489,0,55.2414415756,2.2,,,-27.13802993,333.5226792,0.25,0.5,83.63096416,1.05,-78.21828126,0.85,1.85,32.35,30.85,8.0095529556,71.9,56.49293423,,,-27.41961718,347.2891078,0.25,0.45,81.6598683596,0.75,-110.13129726,0.8,1.35,1.4,2.4,5.2875541151,0.55,,-17.90827677,115.7630235,0.15,0.7,51.4989048243,1,-58.82013124,1.15,1.5,2.15,1.15,9.9493637681,3.55,,-16.12490021,110.75707152,0.35,0.7,50.0909760594,1.25,-51.31118,1.75,1.9,24.35,23,11.9204614311,14.15
A10,C57,T5,-58.0006674,224.744658676,39.0182983137,0.9542748982,0,0,0,0,0,0,29.3333333333,0.7594038969,0.743316789,1.1754583039,1.2962046191,1.3291032259,1.3257383564,,160,20,-30.45448452,453.6659178,0.2,0.4,83.8812626898,0.65,-133.28392058,0.6,1.15,1.85,0.95,9.7616389394,0,53.4267781698,2,,160,-31.67469218,446.1569852,0.55,0.75,86.3529630005,1,-81.34696632,1.1,1.8,10.45,8.9,5.7255737484,36.05,54.6782708205,,,-33.52064058,443.6540044,0.55,0.7,87.6044519246,0.6,-148.30183238,0.9,1.65,1.4,0.35,4.1925013065,0.75,,-21.94433823,231.526047,0.1,0.45,59.8213262856,0.7,-88.85595948,0.65,1.35,1.75,0.75,12.1394731104,3.25,,-20.75542115,220.8883688,0.1,0.45,56.0355633497,0.9,-77.59251632,1.15,1.6,2.6,1.35,11.4824417979,4.25
A10,C58,T5,-62.82535013,197.3616018865,40.2290954799,0.941647282,3.4564315353,2.8333333333,2.38,1.96,1.528440367,28,0,0.7641963804,0.7863330349,0.8861171339,0.9305239316,0.8581932918,0.8528183576,,180,30,-23.79029036,396.7230254,0.15,0.3,72.0859505236,0.5,-123.2719794,0.55,0.9,11.6,10.9,15.8313773572,106.6,48.2956601636,1.2,,250,-21.06829338,332.2711586,0.5,0.65,71.1786169559,0.65,-105.75111956,0.8,1.1,8.3,7.45,14.9240437895,65.1,50.1103235759,0,,-30.86121917,392.3428012,0.15,0.3,73.3687281609,0.45,-178.33763734,0.55,0.65,1.15,0.7,10.8566954732,10.85,,-26.10555083,260.936129,0.45,0.65,64.9524461478,0.6,-117.01453478,1.1,0.95,1.85,1.2,11.138278991,21.1,,-23.00810605,232.1517968,0.3,0.5,60.4783594608,0.8,-76.34103298,1.15,1.2,2.95,2.05,12.0143257082,11.4
A10,C59,T5,-56.67894703,226.1947816763,41.7806725949,0.9532812391,0,0,0,0,0,0,0,0.8533541227,0.8117524732,1.1250449854,1.0640762866,1.0365204864,1.0385894828,,110,40,-28.57724741,436.7707762,0.15,0.4,81.1905562878,0.85,-91.98468178,0.75,1.5,0,0,6.6016204655,16.1,52.6133088778,0.8,,120,-26.38713434,407.360699,0.25,0.45,79.4384665787,1.1,-71.96083664,0.75,3,27.65,25.25,10.1370885968,61.65,53.0513322387,,,-30.04774988,434.893528,0.2,0.4,80.1580734551,0.85,-93.23617444,0.8,2.2,0,0,0,0,,-22.28849918,232.1518212,0.3,0.55,61.2292569131,1.2,-52.56265402,0.75,2.6,6.05,3.95,9.6052028239,18.85,,-25.01049429,232.777549,0.4,0.7,65.609479323,1.45,-51.936917,1.15,3.7,8.85,5.9,7.7279657125,18.3
A10,C60,T5,-45.19804768,183.4265633894,44.6328314133,0.9678515688,4.9958677686,2.3893280632,1.742074928,1.453125,1.209,17.3333333333,0,0.8033626026,0.8135965025,1.1085656951,1.017367534,1.0182982679,0.9884547684,,,,-32.89489612,468.0580738,1.2,1.45,84.8198868334,0.85,-92.6104188,1.7,1.65,0,0,4.2550712824,16.9,51.9249907134,0.5,,60,-27.04416752,361.681236,0.2,0.45,79.2820304632,1.05,-65.07758052,0.8,2.2,14.2,12.4,13.6725530028,50.1,52.2378629432,0,,-30.23547471,406.1092134,0.3,0.5,83.0365084112,0.9,-80.72122932,0.8,2.35,0,0,0,0,,-23.72771665,224.017105,0.5,0.8,65.1401728392,1.15,-55.69139496,1.75,2.85,3.7,4.6,6.5077580512,9.8,,-21.34987876,213.3794176,0.25,0.55,65.5781887472,1.35,-49.43396896,1.05,2.8,6.25,4.05,8.9794583619,18.2
A12,C70,L2,-66.2833252596,172.4473407257,45.6808060911,0.9807823733,6.4391691395,3.047752809,2.2866174921,2.041392286,1.8174204355,16,19,0.7416149544,0.7552795498,1.036658132,0.8716845916,0.9088191801,0.9142857637,,150,150,-26.4809967577,451.7886974,0.4,0.6,82.0040255785,1.1,-75.71527734,1.2,2.45,37.7,35.6,14.9866193533,131,55.5230288208,0,,,-29.7035889328,443.028221,1.15,1.35,84.3818597496,1.15,-72.5865364,1.7,2.65,26.15,23.85,9.5426291227,109.3,54.6782708168,0,,-28.4833849967,526.2524634,0.7,0.9,88.8559445739,1.1,-82.59851486,1.4,2.5,0,0,0,38.75,,-20.4738357663,202.7417346,0.8,1.1,67.173846066,2.3,-33.1645459,1.55,4.05,54.9,51.35,9.4487667084,62.7,,-19.6603646129,325.387977,0.25,0.5,73.3061563224,1.8,-36.2932682,0.95,3.5,19.3,16.2,10.2622378618,29.3
A12,C74,L2,-67.8440020255,193.6895342015,40.2550629219,0.9740076886,2.630509,1.58276,1.31526,1.19968,1.041237113,12.6666666667,22,0.8743291775,0.8934155647,0.9631607505,0.9492717,0.93274594,0.9726914849,,110,130,-27.4821908772,264.0648558,0.35,0.65,75.715277344,1.55,-73.83801044,270.8,5.35,299,294.25,33.7902866304,0.25,48.2330864668,0,,,-27.8889255226,282.2114992,0.3,0.55,75.4962675273,1.5,-60.69737486,1.5,5.1,37.45,32.85,13.2032446563,90.65,47.6073420048,0,,-30.6734980643,418.6241514,0.25,0.55,86.9474224746,1.65,-55.69137632,0.95,5.4,-0.75,-5.65,2.1275356412,5.85,,-20.8179948479,151.43055004,0.4,0.9,62.6371856779,2.8,-36.29327518,3.3,6.1,19.6,14.35,13.609977439,38.95,,-20.5364094675,153.30779948,0.4,0.85,63.2003545761,2.55,-39.42199052,224,6.4,25.45,19.85,14.3608748913,214.45
A13,C77,L2,-68.4335984403,129.2259590488,46.2204943918,0.9845352292,7.3517786561,2.7886056972,1.9395203337,1.7953667954,1.3798219585,14.6666666667,18.6666666667,0.8141486749,0.8205435372,1.2731782477,0.9903521148,0.964528982,0.9818268847,,190,100,-31.174095124,414.869655,0.3,0.55,90.4828868806,1.25,-65.70331752,1.1,2.85,47.6,45.15,8.7604448199,0,59.3087917566,0,,,-30.016464889,400.4774942,0.25,0.5,89.9197161198,1.25,-68.83209572,1.3,2.55,31.55,29.35,8.0408342183,90.85,59.9032512307,0,,-29.6097265184,438.6480152,0.25,0.5,91.7969532311,1.3,-73.83801044,1.1,3.05,0,0,0,0,,-23.3522669971,149.55332038,0.45,0.85,66.9861212373,2.95,-24.40409734,3.2,5.05,18.35,13.95,6.7893452942,24.65,,-25.3859439492,259.058904,0.4,0.7,78.6250010133,2.35,-30.6615606,1.4,4.65,17.55,13.45,6.6954828799,49.4
A14,C88,L2,-65.384515585,157.3524000678,46.609892126,0.9738266256,4.1953727506,2.0869565217,1.7567276642,1.5083179298,1.3214574899,16,28,0.8841698616,0.8885824389,1.0313700009,0.976955705,0.9811206047,0.9907749317,,130,100,-31.2366688251,511.2345516,0.25,0.45,96.0207395256,1.25,-64.4518435,1.35,2.8,19.3,16.9,11.3885775208,0,64.7840707004,0,,,-30.6109206378,513.7375556,0.25,0.45,95.6140048802,1.25,-63.20036948,1.3,2.75,35.7,33.35,13.2658183575,85.1,65.0030842423,0,,-32.8636074066,546.2763272,0.3,0.55,99.5874926448,1.35,-68.20630282,1.15,0,0,0,0,0,,-25.1669304073,342.908837,0.3,0.5,84.0377025306,1.8,-49.43400622,0.8,4.35,20.55,16.65,10.2622359991,31.3,,-26.7938689888,430.5133224,0.25,0.45,88.3866362274,1.7,-51.93695426,0.65,4.15,22.15,18.4,9.2923305929,33.75
A15,C93,L2,-65.2875780985,109.8016772319,43.4299733849,0.9817850273,3.9560669456,2.4119897959,1.8182692308,1.4715953307,1.3955719557,-,-,0.8220338943,0.8293785213,1.1054216797,1.0089347009,0.990553283,0.9932341177,,200,140,-27.5134795904,349.1663188,0.5,0.75,91.0773463547,1.9,-82.5985521,2.4,2.8,62.2,63.05,15.5810788274,1,63.5638667643,0,,,-25.6988161802,377.3248754,0.3,0.55,89.3878303468,1.9,-59.4458729,119.55,4.9,47.75,43.35,14.047998935,119.9,63.6890141666,0,,-28.9526933432,414.8696456,0.25,0.55,94.112213701,2.1,-55.06563932,1.65,6.85,0,0,0,0,,-21.3498787582,244.0409734,0.35,0.7,78.5937085748,2.85,-43.17648708,13.4,6.3,24,18.35,12.5149227679,49.7,,-22.6952338219,266.5678412,0.35,0.7,81.3157074153,2.65,-29.41004932,1.05,6.55,23.9,18.1,12.7026475966,54.35
A16,C100,L2,-63.9029570538,108.4472567797,50.2431062483,0.9408518,5.9312977099,2.3240279163,1.6721664275,1.5933014354,1,-,-,0.9423077124,0.9510989244,1.0110981434,0.9897084182,0.9908414394,1,,210,130,-27.0128825307,488.707684,0.25,0.45,87.1038585901,1,-77.592507,0.95,4.45,56.35,52.4,12.1707618237,-,60.0909760594,0,,,-23.1645421684,495.5909402,0.2,0.4,86.7284089327,1,-76.96677,0.8,3.95,43.8,40.2,10.4186721146,76.75,63.5638667643,0,,-20.8179948479,616.9856526,0.15,0.25,85.2579046041,0.85,-95.11344134,0.65,4.3,14.4,10.3,2.4091247469,8.6,,-18.3150114119,464.3036052,0.2,0.4,79.2507454753,1.2,-56.94292486,0.6,4.55,18.35,14.15,10.3248097003,44.7,,-17.2199548781,447.4084452,0.25,0.45,78.6562860012,1,-68.83207708,0.85,5,24.8,20.2,12.6713588834,59.45
A16,C106,L2,-61.7553134069,174.5489208104,41.2115528679,0.9658398227,2.7986577181,1.5368550369,1.3182297155,1.2950310559,1.2460159363,18.6666666667,32,0.8345070252,0.836351428,0.9820831013,0.9723196732,0.9734582721,0.9751710429,,130,150,-25.2295041084,457.420405,0.2,0.45,90.6080342829,0.95,-170.2030003,1.4,2.5,35,32.9,19.0226845443,-,65.3785301745,0,,,-22.1633480489,521.2464928,0.2,0.4,88.8559445739,1,-85.10150016,113.95,2.5,39.1,36.95,16.5509842336,103.15,66.692596525,0,,-25.6988161802,538.1416344,0.2,0.5,97.8979803622,0.85,-289.0947462,0.5,2.75,0,0,2.0649619401,5.9,,-20.7867079973,424.2558404,0.25,0.45,83.7561152875,1.35,-53.18842828,1,3.5,11.85,8.9,11.951752007,28.8,,-21.5376035869,453.665927,0.2,0.45,85.0388966501,1.3,-63.20036948,0.85,3.1,12.7,10,11.2634301186,30.9
20,C9_20,L2,-64.6557013312,198.1958126061,49.0685853579,0.9432556239,4.5102974828,3.0323076923,32.85,2.3025700935,1.8861244019,14.6666666667,20,0.7253918802,0.7356322028,1.0945273577,0.9202614596,0.9438924544,0.8929477841,,80,100,-22.3823615909,444.6667292,0.3,0.65,83.8499777019,1.9,-139.54140246,3.25,5.1,44.9,40.5,12.3584829271,192.9,61.467616111,0,,,-20.6615587324,436.5320362,0.25,0.55,81.0654070228,2.15,-45.67943514,1.3,5.25,62.9,58.15,17.364455387,157.55,60.4038482904,0,,-22.0694893599,414.00515,0.3,0.6,82.2543278337,1.75,-49.4339317,2.95,4.25,16,12.3,5.4439902306,27.1,,-17.2199548781,366.4484664,0.35,0.75,74.5889358222,2.85,-34.41601992,94.3,6.55,21.5,15.65,13.6725530028,83,,-18.1585752964,359.5652662,0.15,0.8,74.8705230653,3.2,-90.10747076,147.6,7.5,21.65,14.9,13.1406672299,87.8
A1,C5,L2,-66.7444777617,316.9914277325,49.8181496967,0.9640599401,2.5220338983,1.4588235294,1.3357271095,1.1932638332,1.0226804124,14.6666666667,24,0.8674329178,0.8825031692,0.9463160751,0.9494366102,0.9432159854,0.9726914849,,55,130,-32.8323224187,389.2140882,0.2,0.45,77.4047933519,1.1,-69.4578141,0.7,3.1,298.6,295.9,23.3716145158,46.75,44.5724709332,0,,,-33.1764796376,448.6599704,0.2,0.4,79.0630169213,1,-76.34099572,0.6,2.8,31,28.55,13.6412680149,82.4,45.8865372837,0,,-28.5146737099,480.573012,0.15,0.25,79.3446078897,0.9,-80.0954923,0.6,3.05,14.15,11.3,4.4740848243,18.8,,-26.4497117698,439.2737802,0.2,0.4,74.5263621211,1.15,-61.3231212,0.85,3.85,16.35,12.95,8.4162838757,32,,-24.9479205906,426.1330702,0.25,0.45,72.8994235396,1.1,-58.82009864,0.7,3.55,15.1,11.95,9.3861892819,36.4
A12,C72,L4,-68.5543130248,139.0107491673,42.144692243,0.9715092624,2.9042357274,1.9092009685,1.6141248721,1.4017777778,1.3130724396,17.3333333333,22.6666666667,0.8687648741,0.8750990017,0.9977431522,0.9594184355,0.9733597347,0.9791805216,,140,110,-32.425584048,473.0640422,0.2,0.45,91.3902148604,1.15,-76.96677,1.05,2.05,63.55,61.8,18.8349597156,0,58.9646308124,0,,,-35.6794649363,532.5099268,0.6,0.8,96.1146019399,1.2,-91.98468178,1.6,2.1,37.05,35.25,13.1719559431,79.3,60.4351370037,0,,-37.5567020476,578.1893804,0.6,0.85,100.2445220947,1.3,-80.72122932,1.5,2.65,0,0,0,0,,-29.734877646,391.0913318,0.45,0.7,85.9462283552,1.55,-62.57459522,1.5,2.8,20.05,17.65,10.9192691743,29.75,,-30.3293371201,412.3666696,0.25,0.5,88.3866362274,1.45,-55.6914031,1.75,2.65,18.5,16.15,11.2008526921,33.1
A12,C73,L4,-60.0965856288,206.0452799518,51.3408047462,0.9637349884,2.1423312883,1.4923076923,1.4069298952,1.0831265509,1.2125,13.3333333333,30.6666666667,0.90601719,0.9054441438,0.986883178,0.9711124697,0.9759110506,0.9893550584,,90,90,-30.3293371201,554.4110202,0.25,0.5,94.3938009441,1.1,-95.11340876,1.3,1.85,48.35,46.85,14.5485959947,117.3,64.064463824,1.2,,,-29.3907167017,491.2106692,0.2,0.4,92.7355736494,1.05,-84.47572588,1.05,1.8,38.95,37.45,15.5810788274,80.95,63.3448569477,1,,-30.7360717654,563.797243,0.15,0.4,95.3324176371,1.1,-96.36491538,1.1,2.05,4.35,2.6,4.6305209398,9.4,,-27.1693186462,468.0580832,0.3,0.55,87.2602947056,1.3,-73.83801044,1.2,2.2,21.85,20,13.203240931,43.25,,-30.6422093511,500.596892,1.15,1.4,91.5466547012,1.25,-70.08358836,2,2.2,24.85,23,8.8543072343,37.8
A13,C76,L4,-65.3400236118,122.2812312474,46.6334589068,0.9745025374,19.4966887417,3.8233766234,2.3217665615,1.6939010357,1.3535632184,12,16,0.8556122454,0.8590136173,1.3857338544,0.9974328614,0.96485199,0.9726554829,,180,125,-25.8239635825,394.8457912,0.25,0.5,90.7957591116,1.25,-71.33506238,0.8,2.25,65.8,63.85,19.6484290063,0,64.9717955291,0.7,,,-25.0104942918,431.7647964,0.25,0.45,90.2325883508,1.25,-69.45785136,1.25,2.25,51.5,49.55,15.5497901142,102.9,65.222094059,0,,-27.2631810606,487.45621,0.2,0.45,98.5862985253,1.35,-58.19439888,0.8,2.65,0,0,0,0,,-20.4425470531,185.2208469,0.7,1,68.4566237032,2.2,-33.1645459,1.25,3.8,25,21.65,6.132312119,25.55,,-18.4088738263,352.920834,0.3,0.5,81.221845001,1.7,-45.67943514,1,3.3,27.45,24.45,13.1719559431,50.75
A13,C81,L4,-60.7133352443,234.16161,48.086566016,0.940653196,4.785046729,2.1756373938,1.6695652174,1.3275713051,1.1990632319,16,33.3333,0.9189737167,0.9277515627,1.132728751,1.039334402,1.0051207587,0.9863604427,,45,135,-26.1681245267,433.642054,0.35,0.6,80.1580771804,1.05,-66.3290883,1.4,1.75,62.05,60.6,16.1442495883,0,53.9899526536,0.3,,,-23.3835557103,438.0222596,0.2,0.45,77.686380595,1.05,-64.45185282,1.25,1.7,109.75,108.35,14.7988945246,72.4,54.3028248847,0.3,,-29.8913137615,499.3453994,0.35,0.6,86.227811873,1.05,-74.4637847,1.2,1.75,0,0,0,0,,-20.0983879715,286.5916956,0.3,0.55,68.0498909205,1.4,-46.93096038,1.65,2.3,15.15,13.2,11.1382808536,29.6,,-19.9106631428,328.5166994,0.25,0.45,71.2724793702,1.4,-43.80218684,0.75,2.45,19.85,17.7,13.8602759689,38.75
A16,C101,L4,-74.0375895202,265.6239434215,49.2435584758,0.9721909857,2.4461538462,1.4149054505,1.4537142857,1.2361516035,1.197740113,18.6666666667,37.3333,0.9064124985,0.8997689162,0.9740463021,0.9287418567,0.9525994034,0.9667908335,,70,230,-36.6806590557,406.109225,0.35,0.55,86.9474224746,1.35,-74.4637847,0.9,4.9,49.7,45.3,18.5533687472,-,50.2667634189,0,,,-34.396687299,434.893528,0.2,0.45,84.7260244191,1.3,-142.04442502,29.4,4.25,29,25.15,20.7747705281,108.95,50.3293371201,0,,-39.4652278721,433.6420446,0.15,0.35,85.5707786977,1.15,-79.4697553,0.8,4.4,16.2,11.1,3.0035823584,17.1,,-35.554317534,337.9029036,0.2,0.5,78.9065845311,2,-43.17647778,2.35,4.8,14.9,10.55,16.1442495883,31.9,,-37.0873937011,400.477508,0.2,0.45,82.0665992796,1.75,-49.4339317,1.1,4.7,15.9,11.6,13.8915628195,29.5
A16,C104,L4,-71.4425404342,140.9982684694,50.5854158769,0.9626546624,2.2164179104,1.6685393258,1.4523227384,1.2611464968,1.2024291498,18.6666666667,36,0.9391534546,0.9367284062,0.972756357,0.9734249482,0.9849327883,0.9822006169,,210,70,-24.6037596464,557.5397658,0.15,0.35,82.3169015348,0.95,-78.84398102,0.75,2.05,22.1,20.35,24.2163725197,-,57.7131418884,0,,,-23.289693296,562.5457502,0.15,0.35,82.4733376503,1.05,-65.07761776,0.55,2.1,17.35,15.55,23.71577546,70.6,59.1836443543,0,,-29.9851761758,535.0129306,0.15,0.3,87.2915796936,0.9,-197.11002708,,2.4,18.3,16.15,7.3525160551,3.85,,-22.7890962362,513.1117814,0.15,0.3,78.3434137702,1.05,-67.58056582,0.55,2.2,12.95,11,17.9276242852,24.3,,-23.289693296,581.3180982,0.15,0.35,78.8127221167,1,-58.8201359,1.7,2.15,9.8,7.95,18.8349559903,27.2
A12,C71,L5,-55.88582913,107.9957937235,56.5932944474,0.9435742657,37.402173913,8.0585480094,1.934232715,1.8225635593,1.4525116083,9.3333333333,20,0.9329367305,0.9459167243,1.5602141509,1.1118881553,0.9749163875,0.980381151,,110,140,-25.5423800647,479.3214798,0.2,0.4,90.7644741237,0.85,-100.11941194,0.7,1.6,93.25,91.95,19.3668417633,0,65.222094059,0.8,,,-26.1681245267,446.7826988,0.15,0.35,89.4816927612,0.8,-106.37685656,0.75,1.55,76.7,75.4,13.3909657598,113.3,63.3135682344,2.4,,-26.4184230566,474.3155838,0.85,1,93.5803279281,0.8,-111.3827899,1.35,1.8,0,0,0,0,,-15.7494524121,200.864505,0.15,0.55,62.9500597715,1.15,-55.06563932,1.15,2.05,149.1,147.45,19.1165432334,86.4,,-18.7843216211,400.4775174,0.15,0.4,84.7885962576,0.85,-100.1193747,1,1.75,164.45,163,17.3644516617,85.5
A13,C83,L5,-57.2527588967,307.1465909236,42.1209709198,0.9538811348,8.5081967213,2.5693069307,1.8020833333,1.4913793103,1.5,11,17.666,0.8802083644,0.8767361409,1.5514592767,1.0319284565,0.9779713962,0.9765530391,,50,120,-29.734877646,339.1543962,0.25,0.55,84.8198831081,1.3,-58.8201359,1.1,2.4,123.25,121.3,17.4270272255,0,55.0850054622,0.2,,,-28.577247411,334.7741626,0.25,0.5,84.0064138174,1.35,-62.57463246,1.1,2.4,90.35,88.3,15.6436525285,171.95,55.4291664064,0.2,,-33.8648015261,333.5226886,0.9,1.2,90.7331854105,1.3,-60.07164716,1.8,2.6,0,0,0,0,,-21.2247313559,215.8823982,0.35,0.7,70.08356601,1.7,-41.29924812,2.3,2.95,25.45,23,16.9890075922,55.9,,-24.9792055786,295.3521534,0.3,0.6,79.3446041644,1.55,-46.3052094,1.4,2.95,24.95,22.45,14.2357237637,66.65
A13,C86,L5,-53.8755862712,309.0844181534,49.8162139966,0.9482284306,13.1157894737,1.547826087,1.2379533035,1.1230283912,1.1075555556,10.6666666667,34.6666666667,0.9610553179,0.9637772589,1.2294338204,0.9950281356,0.9963203611,1.0015230803,,40,140,-29.8913137615,316.0017916,0.3,0.65,87.1664322913,1.2,-75.71525872,1.1,1.9,90.75,89.3,17.0202925801,0,57.2751185298,1.2,,,-29.7035889328,323.5107102,0.25,0.55,87.0725698769,1.15,-80.0954923,1.1,1.9,75.2,73.7,17.8337655962,0.9,57.3689809442,1.8,,-28.5459586978,338.5286034,0.25,0.5,88.3553475142,1.05,-86.35295554,1.1,1.85,2.95,1.5,3.7857666612,2.7,,-23.602565527,200.864505,0.3,0.6,72.6491212845,1.4,-50.05968734,1.6,2.35,52.5,50.6,11.8891745806,57.5,,-25.7926785946,302.2353724,0.25,0.6,84.0377025306,1.3,-70.70932538,1.1,2.15,41.7,40,12.4210603535,77.45
A15,C97,L5,-62.303349816,160.9415501351,57.5478915361,0.9725568092,4.4444444444,1.8362282878,1.6536312849,1.5811965812,1.452404318,18.6667,36,0.8680753628,0.8914905882,1.0064474362,0.903356474,0.9319402927,0.9811439097,,100,150,-27.9827879369,710.847564,0.15,0.25,91.5466547012,0.75,-173.33164812,0.25,1.9,0,0,0,0,63.5638667643,0,,,-28.4833849967,590.9430412,0.15,0.25,91.0773463547,0.75,-155.81078828,0.25,1.75,27.75,26.2,18.6159461737,97.9,62.5939613581,0,,-28.5146737099,829.1135728,0.25,0.3,93.2987444103,0.75,-190.2268082,0.3,2.25,3.25,1.4,3.848336637,10.3,,-23.7902903557,570.6804618,0.2,0.35,82.3169015348,1.1,-117.01457202,0.25,2.7,13.9,11.5,18.3343589306,51.1,,-28.8275459409,664.5423546,0.65,0.7,92.8920097649,0.95,-220.2626318,0.7,3.25,14.55,12.05,12.6400701702,59.9
A15,C98,L5,-58.4529742767,234.3619769537,45.276347871,0.9542047296,15.6971830986,3.5893719807,2.6254416961,2.3003095975,1.8873835732,14.6667,34.6667,0.9592245959,0.9534313478,1.2522681475,0.9898219204,0.9617892114,0.994653658,,70,110,-25.6988161802,434.2677816,0.15,0.4,82.661062479,0.85,-97.6163894,0.7,1.85,0,0,0,0,56.9622462988,0,,,-26.7938689888,458.6718604,0.2,0.35,84.0376988053,0.8,-110.13127864,1.2,1.9,42.45,40.85,17.1454437077,115.95,57.2438298166,0.5,,-27.0754562318,454.917415,0.15,0.35,83.8812664151,0.75,-100.1193747,0.65,1.8,0,0,0,0,,-21.3811674714,277.8312844,0.2,0.45,67.0174062252,1.15,-54.43991162,1.3,2.35,13.8,11.85,13.2971033454,45.55,,-24.9792055786,387.9625816,0.2,0.45,80.0642110407,1.05,-74.4637847,0.75,2.7,13.45,11.25,12.3584866524,70.35
A16,C102,L5,-59.6646413383,167.3551693272,49.2435584758,0.9546427491,5.2760180995,1.8021638331,1.563002681,1.302065885,1.1885830785,12,41.3333,0.943084011,0.9481579316,1.0366617971,0.9907791847,0.9846506211,0.9853278529,,70,250,-33.0200435221,528.755486,0.2,0.4,90.0448635221,1.15,-66.32909178,0.75,3.75,64.25,60.85,16.4258368313,-,57.0248199999,0,,,-33.3954931796,540.0188454,0.2,0.35,89.5129814744,1.05,-75.08955896,0.5,3.35,70.85,67.8,13.8602741063,120.85,56.1174882948,0,,-31.9249907136,562.5457642,0.15,0.35,89.2001092434,1,-79.4697553,0.45,3.3,0,0,0,0,,-30.1416122913,405.48346,0.2,0.45,83.3806693554,1.55,-239.6608144,15.25,4.85,14.85,10.5,17.1767324209,36.85,,-30.7673567533,469.3096132,0.2,0.35,86.008798331,1.25,-60.69742144,0.6,3.95,15.15,11.5,13.0155198276,55.8
A16,C103,L5,-48.3832695547,141.7306358696,48.9813457975,0.9117837758,1.8824034335,1.0765832106,1.0986973948,1.0209497207,0.954308094,10.6666666667,40,0.9626274089,0.9569649319,1.01076556,0.9900410013,1.0053539371,0.9958750519,,70,90,-25.8552522957,514.9890482,0.2,0.4,89.2313942313,1,-76.34103298,0.85,3.4,52.5,47.45,20.0551636517,-,63.3761419356,0.2,,,-30.7047830522,540.018864,0.3,0.5,92.4852713943,1.05,-63.20036948,0.65,10.05,69.35,59.75,14.8301832378,109,61.780488342,0.5,,-24.9479205906,544.399079,0.15,0.35,90.2012996376,0.95,-83.84995162,0.6,3.2,0,0,0,0,,-20.6302718818,434.2677816,0.2,0.4,82.9426459968,1.15,-55.69137632,0.8,6,34.1,28.45,17.4896046519,71.75,,-20.254824087,474.3155278,0.15,0.3,83.6622547358,1.15,-115.7630235,14,4.35,37.75,33.65,16.3632612675,77.45
A16,C109,L5,-60.9887615093,158.1888858579,52.9266478922,0.9455148718,14.5060240964,3.3168044077,2.3607843137,1.9095955591,1.6652835408,14.6667,21.3333,0.9005006185,0.9178139112,1.2933568682,0.9936765877,0.9863259077,0.9936765877,,70,100,-27.4821908772,477.4442688,0.2,0.35,83.9438401163,0.85,-92.6104188,0.75,2.1,58.9,57.1,19.8987275362,0.25,56.4616492391,0,,,-28.0140766501,417.9984144,0.2,0.4,84.8511718214,0.95,-160.81675888,53,2.45,52.65,50.55,21.2440788746,118,56.8370951712,0,,-27.6699157059,478.6957544,0.15,0.35,87.2915834188,0.85,-89.48173374,0.7,2.35,0,0,0,0,,-18.3150114119,274.7025528,0.25,0.45,68.42533499,1.45,-43.8022241,1.25,3.15,18.5,15.75,19.4294154644,49.7,,-23.2271195948,383.582376,0.25,0.4,80.7838216424,1.15,-61.9488582,1.9,3.35,18.95,15.95,15.2994915843,58.35
A3,C17a,L5,-55.4910263779,295.2954759394,46.78709531,0.9538161047,2.0204978038,1.3282001925,1.2443642922,1.1616161616,1.1138014528,16,37.3333,0.9516128741,0.9536685333,0.9888506757,0.9801722718,0.9787406591,0.98690881,,140,100,-27.2006073594,589.4528144,0.2,0.4,84.925686717,1.15,-73.83801044,0.65,2.85,38,35.5,16.0503871739,143.05,57.7250793576,0,,,-27.138029933,573.8091842,0.25,0.45,85.0195454061,1.15,-72.5865364,0.65,3,43.65,41.05,15.3933539987,103.6,57.8815154731,0,,-28.6591723561,514.3632926,0.2,0.45,84.612814486,1.15,-65.70339202,0.75,3,18.2,15.6,6.0384497046,24.4,,-27.1260943264,458.0461234,0.3,0.55,80.7331835479,1.55,-52.56265402,0.9,4.3,17.15,13.45,12.0456125587,35.95,,-19.6254972667,445.5312342,0.25,0.5,80.7957609743,1.55,-50.68548024,0.9,4.05,15.4,11.8,13.5474037379,40.1
A3,C20a,L5,-64.2317466184,113.8795006535,48.2509701848,0.9486619563,2.078,1.2906832298,1.2194835681,1.2053364269,1.110042735,21.3333333333,29.3333,0.9125728865,0.915903429,1.0064043892,0.9532062321,0.9666080817,0.9640665922,,60,130,-20.3173977882,516.8662406,0.2,0.4,84.8511699587,0.85,-93.2361558,1,1.85,36.2,34.7,17.364455387,103.5,64.5337721705,0,,,-32.2691479325,494.9651472,0.2,0.4,84.5695845783,0.9,-81.34699426,1.15,1.95,31.35,29.75,13.9854252338,72.1,52.3004366457,0,,-37.2125448287,436.7707856,0.2,0.4,82.97393471,0.75,-86.97871118,0.75,1.8,3.15,1.7,8.5101462901,5.2,,-34.6156971157,391.7170688,0.25,0.5,78.6875709891,1.15,-54.43991162,1.1,3.45,24.15,21.15,12.4210603535,39.5,,-35.4604551196,399.2260062,0.2,0.45,81.8163044751,1,-75.71527734,1.1,2.7,19.9,17.6,11.2008526921,40.95
A4,C21a,L5,-64.2446,105.0271950782,59.6422841567,0.9529590829,1.5577689243,1.1533923304,1.249201278,1.0683060109,1.2067901235,29.3333333333,48,0.9078125045,0.9354166736,0.8634615202,0.9661108235,0.973969622,0.9734417014,,70,210,-20.692845583,763.410218,0.15,0.3,88.5117836297,0.55,-140.16712084,0.65,1.35,26.8,25.7,15.1430554688,92.15,67.8189380467,0,,,-21.3498787582,772.1707224,0.15,0.3,88.6995084584,0.6,-128.90370098,0.8,1.4,29.15,28,13.2658183575,52.9,67.3496297002,0,,-16.8445070833,692.0751556,0.15,0.25,86.9161318988,0.55,-178.96339298,0.35,1.45,9.65,8.4,7.4463803321,19,,-16.312623173,623.243153,0.15,0.2,91.3902185857,0.55,-196.48432732,0.2,1.55,11.4,10,9.3861930072,26.4,,-17.8769880533,718.3564826,0.15,0.25,86.0400870442,0.6,-129.52942402,0.55,1.5,10.2,8.9,7.6966769993,22.9
A4,C22a,L5,-49.698411616,304.7241962963,42.3011720699,0.9360862655,15.3,1.5,1.3898561696,1.3773443361,1.2102834542,14.6666666667,46.6667,0.9322941762,0.931644691,1.036114134,0.9713898591,0.9699120777,0.9818617172,,60,100,-19.222343117,666.419575,0.1,0.2,91.0147689283,0.5,-135.78690588,0.5,1.1,67.8,66.85,20.1177373528,0.55,71.7924258113,1.9,,,-21.3498787582,643.8927306,0.1,0.2,90.9521952271,0.55,-136.4126429,0.55,1.15,50.35,49.35,17.8337655962,102.1,69.602316469,1.5,,-19.2536299676,783.4341378,0.15,0.25,93.4864711016,0.55,-135.78694314,0.6,1.35,1.85,0.7,3.942200914,1.95,,-16.5942085534,537.515916,0.2,0.35,84.350572899,0.75,-96.36487812,0.8,1.9,24.5,22.9,11.8266027421,47.25,,-15.4365783185,703.3386082,0.15,0.3,87.0412830263,0.65,-118.26602742,0.8,1.35,22.7,21.6,15.5810769647,53.75
11,C1_11,L5,-52.3438229603,397.6574271998,57.2821634811,0.9719503787,1.0684474124,0.6859592712,0.7556080283,0.8888888889,0.9500247402,9.3333333333,20,0.936819182,0.9491648762,0.9946727645,0.9751911904,0.9845574614,0.9912779589,,25,200,-25.7613898814,298.4808944,0.3,0.65,92.0785404742,2.3,-49.4339317,3.1,5.7,92.4,87.3,13.9854252338,235.2,66.3171505928,0,,,-24.6350483596,314.7502616,0.3,0.55,92.0785404742,2.1,-46.3052094,1.25,5,28.4,23.9,8.9794546366,75.5,67.4434921145,0,,-26.825157702,330.393929,0.3,0.6,94.5502370596,2.2,-44.42796112,1.15,5.4,14.8,9.95,6.0697384179,35.95,,-22.6639451087,237.7835102,0.4,0.75,85.1640440524,3.15,-39.42199052,1.15,7,30.7,24.5,14.4234485924,65.8,,-21.099582091,253.4271776,0.3,0.6,85.1014722139,2.9,-40.04776478,1.15,6.35,27.1,21.3,16.8325696141,96.2
11,C3_11,L5,-61.888979024,268.7832028282,53.39652844,0.9753806857,2.3543003851,1.8868312757,1.4395604396,1.1426791277,1.12674,16,22,0.7972893385,0.7994499944,1.1869349758,1.0154690748,0.993167382,1.0041944659,,60,210,-27.2944660485,268.4450894,0.35,0.65,89.6068401635,2.35,-36.2932682,1.4,6.35,74.1,68.35,14.7050358355,0.3,62.312374115,0,,,-25.4172289371,258.433111,0.35,0.65,86.9161337614,2.25,-39.42199052,2,5.9,41.85,36.55,12.0768994093,117.05,61.4989048243,0,,-29.1717068851,275.9540454,0.3,0.6,92.047251761,2.2,-43.17648708,1.05,5.3,12.75,8,5.5691376328,20,,-22.132063061,168.32571476,0.55,0.9,76.7790488899,3.85,-54.4399023,22.35,7.95,21.55,14.45,17.1141549945,50.45,,-22.9455323517,198.3615011,0.45,0.8,80.0329260528,3.55,-31.2872976,6.2,7.3,22.8,16.25,17.7086144686,64.8
11,C4_11,L5,-56.1157284858,196.8456069388,52.4946219,0.9801182669,5.3295269168,3.0791705938,1.9668874172,1.5646551724,1.2431506849,10.6666666667,18.6667,0.8838709128,0.8954056445,1.2145319452,1.0164225737,0.9792601931,0.9755058953,,20,130,-28.4520962834,326.0137328,0.3,0.55,89.2626792192,1.7,-66.95486606,2.55,4.1,52.05,48.45,13.7977041304,173.9,60.8105829358,0,,,-27.951502949,326.0137328,0.3,0.55,88.5743610561,1.65,-50.68544298,1.75,3.75,6.35,3.1,5.8507248759,13,60.6228581071,0,,-29.9226024747,362.3069822,0.35,0.6,93.2674594223,1.7,-57.56862462,1.7,4.55,7.1,3.1,2.3152604699,3.55,,-19.3787792325,167.07422212,0.45,0.75,68.7069222331,2.45,-119.51752008,25.15,5.2,24.45,19.95,17.3018798232,43.85,,-22.8829586506,251.5499294,0.35,0.65,79.8764899373,2.3,-38.79621624,8.5,5.3,28.95,24.25,15.5497901142,69.65
11,C5_11,L5,-55.1992670641,337.0099048507,56.367293964,0.99161615,7.3020304569,3.314516129,2.4340101523,1.6365187713,1.2073017205,9.3333333333,18,0.8287227809,0.8289189602,1.511087309,1.1257660685,1.04553327,0.9966973261,,40,135,-28.5459586978,248.4211884,0.35,0.75,85.8836509287,1.85,-49.4339317,1.25,5.15,192.9,188.45,11.2008564174,9.85,57.3376922309,2.3,,,-28.3582375944,263.4391188,0.4,0.7,86.3842517138,1.85,-137.66415418,21.5,5.05,80.75,76.35,11.2321414053,77.2,58.0260141194,1.8,,-28.6398211122,275.9540454,0.35,0.65,89.137531817,1.85,-48.18245768,36.15,5.45,7.25,2.4,2.1901130676,3.85,,-21.099582091,139.5413652,0.5,1,70.1774265617,3.1,-28.78434956,2.6,7.3,32.85,26.5,13.9541383833,80,,-22.9142436385,208.999198,0.4,0.75,78.7814334035,2.65,-307.86708,44,6.5,43.3,37.5,22.151414305,122.65
11,C7_11,L5,-63.6260813615,198.795751655,53.6764565152,0.9654749839,8.66796875,1.4993243243,1.3973551637,1.2007575758,1.1444043321,12,26.6667,0.9622432172,0.9626133986,1.0494350173,0.9636835481,0.9895357736,0.9867197998,,110,180,-21.1621557921,478.0700058,0.2,0.35,89.0749562532,0.95,-75.08955896,0.65,2.3,67.15,65.15,16.5822710842,187.75,67.9128004611,1.4,,,-22.6326601207,538.7674272,0.2,0.4,89.6381288767,1.05,-80.72122932,0.75,2.5,4.25,2.1,7.0396438241,76.55,67.005468756,3.5,,-22.4762240052,586.9498476,0.2,0.35,88.824659586,0.9,-90.73320776,0.75,2.2,3.15,1.25,4.9121044576,4.1,,-22.4762240052,586.9498476,0.2,0.35,88.824659586,0.9,-90.73320776,0.75,2.2,3.15,1.25,4.9121044576,4.1,,-19.7542270273,460.549118,0.15,0.35,86.0400889069,1,-86.97867394,0.6,2.3,21.55,19.55,15.2994934469,64.3
11,C8_11,L5,-57.3146526413,312.0713786582,55.8734514246,0.960529948,2.3888888889,1.548,1.3019343987,0.9010477299,1,16,18,0.8337223046,0.8345002007,1.0811287386,0.9844000728,0.9810242241,1.0187559602,,60,135,-26.1368358135,268.4450894,0.35,0.7,89.8571386933,2.45,-73.83808494,4,5.55,67.2,62.3,21.9011157751,224,63.7203028798,0,,,-27.2318923473,285.965968,0.4,0.7,90.3264507651,2.45,-95.73921562,4.1,6.1,56.05,50.7,20.8060592413,175.6,63.0945584178,0,,-28.1392240524,300.358124,0.35,0.65,92.1411141753,2.1,-46.3052094,1.25,5.2,18.85,14.25,8.3224251866,31.55,,-22.0694893599,214.0051872,0.35,0.7,81.0341201723,3.15,-30.66159784,0.8,6.35,20.5,14.8,17.7711881697,64.7,,-22.4136465788,219.636932,0.4,0.7,81.8163007498,3.2,-38.79629076,1.3,6.6,26.9,20.95,18.4595100582,73.75
A16,C110,L5,-52.9364307625,202.4763909092,51.6738737312,0.96829,2.9948559671,1.8902597403,1.7317073171,1.4083212385,1.2886232846,9.3333333333,28,0.9017300498,0.9178777252,0.9695419034,0.9604151584,0.9730985407,0.9846572504,,65,105,-25.8865372837,332.271182,0.25,0.5,77.8741016984,1.55,-76.96673274,3.5,4.15,45.2,41.5,20.0238786638,284.05,51.9875644147,0,,,-25.0104942918,320.3820064,0.25,0.45,77.2483572364,1.4,-252.8014034,41.2,4.05,40.8,37.15,27.0322300494,123.75,52.2378629446,0,,-26.9190201163,419.8756512,0.2,0.45,81.4721435308,1.25,-230.9002728,47.9,3.65,47.5,44.25,15.9565247595,58.3,,-25.8552522957,355.4237786,0.3,0.6,78.7188597023,1.55,-56.94285036,81.9,4.9,32.8,28.55,16.331974417,96.05,,-24.1344512999,347.9148074,0.3,0.55,76.8729113042,1.6,-178.96339298,116.65,4.9,24.5,20.2,19.4607041776,101.45
A16,C111,L5,-52.6164586145,185.3870032641,50.4993196647,0.9474116,8.0819672131,2.69306,1.8333333333,1.483,1.5,12,18,0.8802083644,0.8767361409,1.5514592767,1.0319284565,0.9779713962,0.9765530391,,110,80,-13.9035002887,157.06227394,0.3,0.6,52.0620755851,1.05,-56.3171599,1.2,2.2,27.3,25.65,26.1249020696,0.5,38.1585752964,0,,,-18.5533724725,103.87385496,0.25,0.65,62.2378629446,1.1,-41.92497582,1.1,2.15,26.15,24.6,25.154992938,71.2,43.6844904721,0,,-20.9118572623,303.4868464,0.25,0.45,68.4879105538,0.95,-68.83207126,1.15,2.15,21.95,20.2,10.700257495,41,,-13.6844904721,181.46637128,0.3,0.6,53.5325799137,1.15,-47.55670204,1.15,2.6,21.5,19.45,19.9925862253,64,,-13.4654787928,178.96338948,0.3,0.65,53.0945565552,1.15,-51.31118,1.25,2.5,27.8,25.9,22.1201237291,55.55
A15,C92,L5,-61.7957307666,230.0375178713,49.4793173187,0.9561241966,9.5621621622,4.3571428571,2.4133697135,2.2002487562,1.8919786096,12,21.3333333333,0.8046539725,0.8134313043,2.3890886666,1.6298568501,1.2153095372,1.0695115023,,70,200,-37.2438298166,272.8252858,0.35,0.65,91.9846743345,1.6,-182.71788954,192.55,16.1,95.85,80.35,30.0358124077,13.9,54.7408445179,2.5,,,-34.4592610002,250.2984496,0.3,0.65,87.0099961758,1.9,-74.4637847,84.4,9.6,83.8,74.8,18.6159461737,211.6,52.5507351756,1.8,,-36.2739244103,302.2353538,0.3,0.6,93.8932038844,1.55,-55.06563932,1.3,0,0,0,0,0,,-27.106744945,88.85595948,0.2,1,58.9765720069,2.8,-35.04179418,3.85,8.15,35.95,28.75,10.3873834014,31.8698270619,,-30.8299341798,230.9003006,0.35,0.65,84.1002762318,2.05,-45.67943514,64.5,8.75,63.8,55.65,14.4234448671,133.55
,C12a,L5,-50.4241870736,157.6202536828,55.3677892205,0.9571509817,10.2827004219,1.6455097907,1.6410774411,1.4127536232,1.2772536688,12,25.3333333333,0.9211212711,0.9254672221,1.1073843648,0.9439272905,0.9560044881,0.9750457828,,110,130,-27.5134795904,484.9531874,0.15,0.3,78.9378732443,0.7,-157.0623368,0.3,2.7,257.15,254.7,43.3016270399,96.25,51.4243936539,0,,,-25.9058885276,588.827096,0.2,0.25,80.7838216424,0.6,-140.16710222,0.35,3.5,56.3,53,17.9589129984,135.65,54.8779331148,0,,-22.3510728776,586.949857,0.15,0.3,80.3145132959,0.6,-115.13724924,0.5,2,3.5,1.75,4.8808194697,6.55,,-19.0033314377,406.1091692,0.2,0.35,71.1786169559,1.25,-51.93692632,1.85,4,31.6,27.9,20.8373460919,83.65,,-22.0382006466,484.3274934,0.15,0.35,79.1255943477,0.75,-97.6163894,0.55,3.45,40,36.85,15.4246427119,84.35
